date,c2.18_am9.51_energy,c2.18_am9.51_relative,c2.18_am13.45_energy,c2.18_am13.45_relative,c2.18_am19.03_energy,c2.18_am19.03_relative,c2.18_am29.34_energy,c2.18_am29.34_relative,c4.00_am9.51_energy,c4.00_am9.51_relative,c4.36_am11.31_energy,c4.36_am11.31_relative,c4.36_am17.45_energy,c4.36_am17.45_relative,c4.36_am24.68_energy,c4.36_am24.68_relative,c5.66_am17.45_energy,c5.66_am17.45_relative,c6.73_am14.67_energy,c6.73_am14.67_relative
1948-04-01,0,0,0,0,0,0,0,0,0,0,0,0,0,0,0,0,0,0,0,0
1948-12-01,0,0,0,0,0,0,0,0,0,0,0,0,0.161598749237,0.288501456,0,0,0.0586498636961,0.147359758,0,0
1949-08-01,0,0,0,0,0,0,0,0,0,0,0,0,0,0,0,0,0.25545087954,0.641828939,0,0
1950-04-01,0,0,0,0,0,0,0.00186091678545,0.0268905635,0,0,0,0,0,0,0,0,0.282895009947,0.710783241,0,0
1950-12-01,0,0,0.125458531215,0.506757773,0,0,0.0157008207625,0.226879526,0,0,0,0,0,0,0,0,0.388158736347,0.975261899,0,0
1951-08-01,0.0194408566705,0.0258479562,0.149063113579,0.602102469,0,0,0.0172167019559,0.248784266,0,0,0,0,0,0,0,0,0.179978808631,0.452202819,0.15828306183,0.455740642
1952-04-01,0.0123642327569,0.0164390979,0.199897130051,0.807433527,0,0,0.0188279006995,0.272066362,0,0,0,0,0,0,0,0,0,0,0.319915529001,0.921125146
1952-11-01,0.0127488594471,0.0169504856,0.164351267125,0.66385507,0,0,0.0178672305909,0.258184516,0,0,0,0,0,0,0,0,0,0,0.347309516241,1
1953-07-01,0,0,0.0453898064969,0.183340559,0.017312739521,0.0533797631,0.0220872585956,0.319164637,0,0,0,0,0,0,0,0,0.398004614578,1,0.106865127783,0.307694212
1954-03-01,0,0,0,0,0.0719183799629,0.221743421,0.0117337976215,0.169555368,0,0,0,0,0,0,0,0,0.390379571562,0.980841823,0,0
1954-11-01,0,0,0,0,0,0,0,0,0,0,0.113017085383,0.145744852,0,0,0.184344667408,0.389122391,0,0,0,0
1955-07-01,0.0159392681847,0.0211923534,0,0,0.00555287703354,0.0171209912,0,0,0,0,0.296619444336,0.382515234,0,0,0.473744692143,1,0,0,0,0
1956-03-01,0.00791624103716,0.010525187,0,0,0.00271003942076,0.00835576958,0,0,0.0157111631307,0.0193681699,0.291049743129,0.375332645,0,0,0.444487639002,0.938242995,0,0,0,0
1956-11-01,0,0,0,0,0.0111114890854,0.0342596649,0.0692033391384,1,0,0,0.288273791478,0.371752827,0,0,0.411866272468,0.869384458,0,0,0,0
1957-06-01,0,0,0,0,0.0143004605578,0.0440921089,0.0416289959434,0.601546059,0,0,0.252958941013,0.326211415,0,0,0.331708613672,0.700184338,0,0,0,0
1958-02-01,0,0,0,0,0.117324205755,0.361741612,0,0,0,0,0.220245253521,0.284024417,0,0,0.256405841289,0.541232114,0,0,0,0
1958-10-01,0.0147863886374,0.0196595208,0.0648100508807,0.261783688,0.0102167694186,0.0315010071,0,0,0,0,0.224363045908,0.28933465,0,0,0.307887407254,0.649901545,0,0,0,0
1959-06-01,0,0,0,0,0,0,0.00022577711357,0.00326251762,0,0,0.0367318104236,0.0473686986,0.0781959072395,0.139602771,0.274054020946,0.578484626,0.00679064629329,0.0170617275,0,0
1960-02-01,0,0,0,0,0,0,0,0,0,0,0,0,0.12475113476,0.222717591,0.221041508712,0.46658361,0.0127086311112,0.0319308637,0,0
1960-10-01,0,0,0,0,0,0,0,0,0,0,0,0,0,0,0,0,0,0,0,0
1961-06-01,0,0,0,0,0,0,0,0,0.0398731406888,0.0491542069,0.0126584529414,0.016324119,0,0,0,0,0,0,0,0
1962-01-01,0,0,0,0,0,0,0,0,0.0883462747394,0.108910184,0,0,0,0,0.0672892404812,0.142036927,0,0,0,0
1962-09-01,0.276361392231,0.36744148,0,0,0,0,0,0,0,0,0,0,0.131020113142,0.233909567,0.245085107085,0.517335838,0,0,0,0
1963-05-01,0.514631379761,0.684237818,0,0,0,0,0,0,0.0435668230385,0.0537076488,0.130825500564,0.168710272,0,0,0,0,0,0,0,0
1964-01-01,0.603490452444,0.802382067,0,0,0,0,0,0,0,0,0,0,0,0,0,0,0,0,0,0
1964-09-01,0.337488272817,0.448713873,0.173630547532,0.701336359,0,0,0,0,0,0,0,0,0,0,0,0,0,0,0,0
1965-05-01,0.751153123582,0.998709746,0,0,0,0,0,0,0,0,0,0,0,0,0,0,0,0,0.0561041887479,0.161539451
1966-01-01,0.603396341542,0.802256941,0.0136524857823,0.055145738,0.000581151445515,0.00179184389,0,0,0,0,0,0,0.00159568694995,0.0028487721,0,0,0,0,0,0
1966-08-01,0.518906867456,0.689922373,0,0,0,0,0,0,0,0,0.0133791153125,0.0172534725,0.0330619536855,0.0590253442,0,0,0,0,0,0
1967-04-01,0,0,0,0,0.000349666790762,0.00107811536,0,0,0,0,0,0,0.0650049290246,0.116052982,0.122606208749,0.258802285,0,0,0,0
1967-12-01,0.107685663915,0.143175497,0,0,0,0,0,0,0.215478256648,0.265634024,0,0,0,0,0,0,0,0,0,0
1968-08-01,0.75212355422,1,0,0,0.00147027744034,0.00453325491,1.33198795862e-07,1.92474521e-06,0.00139147094637,0.00171535649,0,0,0,0,1.22429483935e-07,2.58429247e-07,0,0,0,0
1969-04-01,0.213689228715,0.284114528,0,0,0.000380795347994,0.00117409295,0,0,0.316762685364,0.390493909,0,0,0,0,0,0,0,0,0,0
1969-12-01,0,0,0,0,0,0,0,0,0.314467810018,0.387664868,0,0,0,0,0.00458172199525,0.00967128935,0,0,0,0
1970-08-01,0.00203608406306,0.00270711381,0,0,0.00405917051915,0.0125154982,1.07740583377e-06,1.55686972e-05,0.811184701626,1,0,0,0,0,0.00934959395722,0.0197355118,0,0,0,0
1971-03-01,0,0,0,0,0,0,0,0,0.0996525338004,0.122848142,0.0401877667184,0.0518254393,0,0,0,0,0,0,0,0
1971-11-01,0.284963295542,0.378878303,0,0,0.0062398320712,0.0192390556,8.106802839e-07,1.17144677e-05,0,0,0,0,0,0,0,0,0,0,0,0
1972-07-01,0.637868147422,0.848089578,0,0,0.0176953199654,0.0545593599,0.00568584162122,0.0821613768,0,0,0,0,0.0641628828813,0.114549681,0,0,0,0,0,0
1973-03-01,0.692092847375,0.920185046,0,0,0.0140464823429,0.0433090268,0,0,0,0,0,0,0.159386859122,0.28455258,0,0,0,0,0,0
1973-11-01,0.491754845615,0.653821893,0,0,0.0177982134532,0.0548766078,4.47174689869e-06,6.46175019e-05,0,0,0,0,0.200213856416,0.357440818,0,0,0,0,0,0
1974-07-01,0.626454340233,0.832914136,0.00587465354165,0.0237291662,0.0121282970527,0.0373947533,0.00181310252358,0.0261996393,0,0,0,0,0.224177691762,0.400223336,0,0,0.000335991090095,0.000844188931,0,0
1975-03-01,0.578942964457,0.769744494,0,0,0.0146541210914,0.045182538,0.00688644083887,0.0995102393,0,0,0,0,0.252194839583,0.450242213,0,0,0,0,0,0
1975-10-01,0.477119479852,0.634363167,0.00405456704307,0.0163773906,0.0167829637878,0.0517463241,0,0,0,0,0,0,0.245962632481,0.439115884,0,0,0,0,0,0
1976-06-01,0.499520146851,0.664146395,0,0,0.0166336230007,0.0512858669,3.70181783247e-06,5.34918962e-05,0,0,0,0,0.31135191708,0.555855054,0,0,0,0,0,0
1977-02-01,0.114841357563,0.152689484,0,0,0.00363257817335,0.011200201,0,0,0.108847720951,0.134183646,0,0,0.345157346831,0.616207723,0,0,0,0,0,0
1977-10-01,0,0,0,0,0,0,0,0,0.047774348525,0.0588945384,0,0,0.0923837321512,0.164932225,0,0,0.246787647316,0.620062276,0.048106602325,0.138512192
1978-06-01,0.0412052396965,0.0547852005,0,0,0,0,0,0,0.0469683117636,0.0579008846,0,0,0.00176557790554,0.0031520776,0,0,0,0,0.146622976556,0.422168037
1979-02-01,0.259830037628,0.345461907,0,0,0,0,0,0,0,0,0,0,0,0,0,0,0,0,0,0
1979-10-01,0.159829996232,0.212504974,0,0,0,0,0,0,0,0,0,0,0,0,0,0,0,0,0,0
1980-05-01,0,0,0,0,0,0,0,0,0.0941622677105,0.116079935,0.0520395566439,0.0671092998,0.0046787513735,0.00835295194,0,0,0,0,0,0
1981-01-01,0.0510998313104,0.0679407406,0,0,0,0,0,0,0.176653750618,0.217772537,0.153351225531,0.197759051,0.00760889034999,0.0135841147,0,0,0,0,0,0
1981-09-01,0.00501984013466,0.00667422275,0,0,0.00419142049441,0.0129232599,0,0,0.386741307018,0.476761096,0.386741307018,0.498734808,0,0,0,0,0,0,0,0
1982-05-01,0,0,0,0,0.0106763891243,0.0329181365,0,0,0.13874112048,0.171035179,0.361880104815,0.466674238,0.0296085939136,0.0528600779,0.00480391324687,0.0101402999,0,0,0,0
1983-01-01,0,0,0,0,0.00864145689935,0.0266439012,0,0,0,0,0.128983144989,0.166334402,0.0414721370871,0.0740400034,0,0,0,0,0,0
1983-09-01,0,0,0,0,0.00911066382181,0.0280905905,0,0,0,0,0,0,0.282166720582,0.503750866,0.00505142014572,0.0106627477,0,0,0,0
1984-05-01,0,0,0,0,0.00829698990045,0.0255818182,0,0,0,0,0,0,0.0779116698991,0.139095323,0.0051470360291,0.0108645777,0.00336623487175,0.0084577785,0.0203912066598,0.0587119146
1984-12-01,0,0,0,0,0.00477518717654,0.0147231673,0,0,0,0,0,0,0,0,0,0,0,0,0,0
1985-08-01,0,0,0,0,0,0,0,0,0,0,0,0,0.240037439276,0.428537666,0,0,0,0,0,0
1986-04-01,0,0,0,0,0.00144922451272,0.00446834315,0,0,0,0,0,0,0.276256617336,0.493199587,0,0,0,0,0,0
1986-12-01,0,0,0,0,0.00537477387248,0.0165718519,0,0,0,0,0,0,0.142247934583,0.253954542,0,0,0,0,0,0
1987-08-01,0,0,0,0,0.000626382495352,0.0019313032,0,0,0,0,0,0,0,0,0.0296285934071,0.0625412673,0,0,0,0
1988-04-01,0.0098768434016,0.0131319427,0.00363755786468,0.0146929882,0.00057417609775,0.00177033704,0,0,0,0,0,0,0.0965950483911,0.172450667,0.0398089047608,0.0840302919,0,0,0,0
1988-12-01,0.0806020353711,0.10716595,0.0037069777976,0.0149733924,0.000570758548033,0.00175979983,0,0,0,0,0,0,0.424861687096,0.758503491,0.0675432150479,0.142573028,0.000573275952925,0.00144037514,0,0
1989-07-01,0.0998468864899,0.132753304,0.00290701211801,0.0117421348,0,0,0,0,0,0,0,0,0.428131155727,0.764340458,0.0176695375,0.0372975947,0,0,0,0
1990-03-01,0.154075627421,0.204854145,0.0030068425381,0.0121453744,0,0,0,0,0,0,0,0,0.560131485156,1,0,0,0,0,0,0
1990-11-01,0.199732671656,0.265558326,0.00274431187404,0.0110849486,0,0,0,0,0,0,0,0,0.4108193279,0.733433736,0,0,0.00171952189655,0.00432035668,0,0
1991-07-01,0.247293358191,0.32879353,0.00255884440285,0.0103358,0,0,0,0,0,0,0.453370389604,0.584658505,0.0661638947012,0.118122078,0,0,0.021447858309,0.0538884664,0,0
1992-03-01,0.295570004117,0.392980651,0.00244816938431,0.00988875649,0,0,0,0,0.19890500273,0.245203099,0.77544478687,1,0.0920809257552,0.164391626,0,0,0,0,0,0
1992-11-01,0.123243120051,0.163860205,0.00090425600877,0.00365251176,0,0,0,0,0.303531380147,0.374182821,0.100532813273,0.129645353,0.0117840479375,0.0210380031,0,0,0,0,0,0
1993-07-01,0.523970489699,0.696654807,0,0,0.0620388044557,0.191282072,0,0,0,0,0,0,0.000302680272274,0.000540373609,0,0,0,0,0,0
1994-02-01,0.368118026854,0.489438238,0,0,0.0374106308057,0.115346887,0,0,0,0,0,0,0.000584496513397,0.00104349877,0,0,0,0,0,0
1994-10-01,0.469694898604,0.624491676,0,0,0.0272847749446,0.0841261904,0,0,0,0,0,0,0,0,0,0,0,0,0,0
1995-06-01,0.31194009773,0.414745817,0,0,0.00182543525931,0.00562830057,0,0,0,0,0,0,0.0360932062801,0.0644370246,0,0,0.0472769977167,0.118785049,0,0
1996-02-01,0,0,0,0,0,0,0,0,0.444293366452,0.547709252,0.0759555280746,0.0979509172,0.0567674792131,0.101346703,0,0,0.0359788541945,0.090398083,0,0
1996-10-01,0.346298729466,0.460427981,0,0,0.00242504944626,0.00747706998,0,0,0.49637970451,0.61191946,0.56039181629,0.72267146,0.0838971425419,0.149781158,0,0,0,0,0,0
1997-06-01,0,0,0,0,0,0,0,0,0,0,0.47846950583,0.617025885,0,0,0.0451242800224,0.0952502071,0,0,0,0
1998-02-01,0.139345109647,0.185268908,0,0,0.000697211488458,0.00214968775,0,0,0.100802174779,0.124265379,0.356934817038,0.460296881,0,0,0.0631719543514,0.133345989,0,0,0,0
1998-09-01,0.48027858882,0.63856342,0,0,0,0,0,0,0,0,0.0447314688607,0.0576849179,0,0,0.0458136724431,0.0967054053,0,0,0,0
1999-05-01,0.398885857718,0.530346185,0,0,0,0,0,0,0,0,0,0,0,0,0.0418408356478,0.0883193761,0,0,0,0
2000-01-01,0.0633194319224,0.0841875402,0,0,0,0,0,0,0,0,0,0,0,0,0.0316380823304,0.0667829801,0,0,0,0
2000-09-01,0,0,0,0,0,0,0,0,0.0600555422251,0.0740343625,0,0,0,0,0,0,0,0,0.00125824660069,0.0036228394
2001-05-01,0.102458048608,0.136225023,0,0,0,0,0,0,0.0540979134735,0.0666900071,0,0,0.00151359083712,0.00270220632,0,0,0.00147922757091,0.0037166091,0.00147922757091,0.00425910464
2002-01-01,0.383755803689,0.510229738,0,0,0.00992348118487,0.0305967218,0,0,0,0,0,0,0,0,0,0,0,0,0,0
2002-09-01,0.34182850346,0.454484508,0,0,0.0183023770358,0.0564310777,0,0,0,0,0,0,0,0,0,0,0,0,0,0
2003-04-01,0.265218186121,0.352625821,0,0,0.018751321265,0.0578152917,0,0,0,0,0,0,0,0,0,0,0,0,0,0
2003-12-01,0.163381668119,0.217227166,0,0,0.0158738733667,0.0489433575,0,0,0,0,0,0,0,0,0,0,0,0,0,0
2004-08-01,0.228101253349,0.303276306,0,0,0.0291259773999,0.0898031054,0,0,0,0,0,0,0,0,0,0,0,0,0,0
2005-04-01,0.193279302549,0.256978127,0,0,0.0337484633538,0.104055454,0,0,0,0,0,0,0,0,0,0,0,0,0,0
2005-12-01,0.161736929551,0.215040373,0,0,0.0388102879845,0.119662401,0,0,0,0,0,0,0,0,0,0,0,0,0,0
2006-08-01,0.133753523787,0.17783451,0,0,0.0442978357657,0.136581965,0,0,0,0,0,0,0,0,0,0,0,0,0,0
2007-04-01,0.109444469277,0.14551395,0,0,0.0501891132417,0.154746334,0,0,0.141174113575,0.174034487,0,0,0,0,0,0,0,0,0,0
2007-11-01,0.0682108110672,0.0906909652,0,0,0.0417338516152,0.128676522,0,0,0.184096537628,0.226947744,0,0,0,0,0,0,0,0,0,0
2008-07-01,0,0,0,0,0,0,0,0,0.250015230683,0.308209992,0.0186697284857,0.0240761545,0.0153404569579,0.0273872428,0,0,0.00782739779024,0.0196666006,0,0
2009-03-01,0.0128158414684,0.0170395428,0,0,0.00238831298333,0.00736380173,0,0,0.2849186555,0.351237708,0.0141323851087,0.018224876,0.0172692945733,0.0308307871,0,0,0.0168318789771,0.0422906629,0,0
2009-11-01,0.065832419159,0.0875287295,0,0,0.0628518709565,0.193788971,0,0,0.20357338877,0.250958121,0,0,0,0,0,0,0,0,0,0
2010-07-01,0.0304189186825,0.0404440447,0,0,0.0839225687145,0.258755515,0,0,0.366608270529,0.451941795,0,0,0,0,0,0,0,0,0,0
2011-03-01,0.00861605154715,0.0114556332,0,0,0.0334705572889,0.103198596,0,0,0.149173637213,0.183896019,0,0,0,0,0,0,0,0,0,0
2011-11-01,0,0,0,0,0,0,0,0,0.0694322187882,0.0855935999,0.0227824116949,0.0293797986,0.162607357706,0.29030212,0,0,0,0,0,0
2012-06-01,0,0,0,0,0,0,0,0,0.0293528112892,0.0361851145,0.019975284602,0.0257597768,0,0,0,0,0.0778009784646,0.195477579,0,0
2013-02-01,0.0388501777371,0.0516539836,0.0326542868247,0.131898672,0.116981889333,0.36068616,0,0,0,0,0,0,0,0,0,0,0,0,0,0
2013-10-01,0.013385805169,0.0177973487,0,0,0.0627236303846,0.193393572,0,0,0,0,0,0,0,0,0,0,0,0,0,0
2014-06-01,0,0,0,0,0,0,0,0,0.281358592046,0.346848987,0,0,1.51223798034e-05,2.69979107e-05,0.0970796171784,0.204919694,0,0,0,0
2015-02-01,0,0,0,0,0,0,0,0,0.293884907206,0.362290988,0,0,1.76592449041e-05,3.15269635e-05,0,0,0,0,0,0
2015-10-01,0.0242743095531,0.0322743643,0,0,0,0,0,0,0.15396386191,0.18980124,0,0,0,0,0,0,0,0,0,0
2016-06-01,0,0,0,0,0,0,0,0,0.184504497643,0.227450662,0,0,0,0,0,0,0,0,0,0
2017-01-01,0,0,0,0,0.000124747273484,0.000384628897,0,0,0.116337705072,0.143417035,0,0,0,0,0,0,0,0,0,0
2017-09-01,0,0,0,0,0,0,0,0,0.0136924949347,0.0168796267,0.0136924949347,0.0176576014,0.0658603605998,0.11758018,0,0,0,0,0,0
2018-05-01,0,0,0,0,0,0,0,0,0,0,0,0,0.0612043031223,0.109267743,0,0,0,0,0,0
2019-01-01,0,0,0,0,0.0858654971274,0.264746078,0.0104480622728,0.150976274,0,0,0,0,0.0399799270618,0.0713759682,0,0,0,0,0,0
2019-09-01,0,0,0,0,0,0,0,0,0,0,0,0,0.0266858611458,0.0476421373,0,0,0,0,0,0
2020-05-01,0,0,0,0,0.0341077521642,0.105163237,0.00332220212234,0.0480063847,0,0,0,0,0.0193359714362,0.0345204152,0,0,0,0,0,0
2021-01-01,0.00343209902619,0.00456321173,0,0,0.214415975821,0.661101264,0.0195550966865,0.282574467,0,0,0.00408319862607,0.00526562135,0.00423570590222,0.00756198502,0.10136733315,0.213970383,0,0,0,0
2021-08-01,0.000586184205281,0.000779372221,0,0,0.265146596362,0.817517209,0.022230874788,0.321239915,0.0111551610061,0.0137516906,0.00845159780844,0.0108990323,0,0,0.122949744371,0.259527434,0,0,0,0
2022-04-01,0.00663869586058,0.00882660279,0,0,0.324331516772,1,0.0215277752085,0.311080007,0.00243675475704,0.00300394565,0,0,0.0374131981687,0.0667935996,0.345208917463,0.728681341,0,0,0,0
2022-12-01,0.00440728844289,0.00585979314,0.00240440914694,0.00971199816,0.259170671951,0.799091851,0,0,0,0,0,0,0.114986665669,0.205285132,0.287919635914,0.607752743,0,0,0,0
2023-08-01,0,0,0.247571005299,1,0,0,0,0,0.0404719899922,0.0498924473,0.0601590229025,0.0775800211,0,0,0.234147511784,0.494248306,0,0,0,0
2024-04-01,0.103655107546,0.137816595,0.200362401798,0.809312874,0.021133330225,0.0651596565,0,0,0,0,0,0,0,0,0.0252612342403,0.0533224639,0,0,0,0
2024-12-01,0.105570638545,0.140363426,0,0,0.0125385523478,0.0386596791,0,0,0,0,0,0,0.0406443040691,0.0725620772,0,0,0.0118431331055,0.0297562708,0.00876429435579,0.0252348235
2025-08-01,0,0,0,0,0,0,0,0,0,0,0.00664350468165,0.00856734715,0.0397634775016,0.0709895418,0,0,0.0781083098917,0.19624976,0.0040983989857,0.0118004224
2026-04-01,0.000752108610999,0.000999980132,0.00432284269593,0.0174610217,0,0,0,0,0,0,0,0,0.0251296853653,0.0448639043,0.00301369022344,0.00636142267,0,0,0.000200634676234,0.000577682634
